Text,Topics
" Human Rights Act 1998 (c. 42) xmlns:atom=""http://www.w3.org/2005/Atom"" xmlns:atom=""http://www.w3.org/2005/Atom""      Human Rights Act 19981998 CHAPTER 42 An Act to give further effect to rights and freedoms guaranteed under the European Convention on Human Rights; to make provision with respect to holders of certain judicial offices who become judges of the European Court of Human Rights; and for connected purposes.[9th November 1998]Be it enacted by the Queen’s most Excellent Majesty, by and with the advice and consent of the Lords Spiritual and Temporal, and Commons, in this present Parliament assembled, and by the authority of the same, as follows:—","['0.065*""rights"" + 0.054*""human"" + 0.043*""act"" + 0.033*""european"" + 0.033*""http""']"
" Extent InformationE1For the extent of this Act outside the U.K., see s. 22(6)(7)Modifications etc. (not altering text)C1Act: certain functions of the Secretary of State transferred to the Lord Chancellor (26.11.2001) by S.I. 2001/3500, arts. 3, 4, Sch. 1 para. 5C2Act (except ss. 5, 10, 18, 19 and Sch. 4): functions of the Lord Chancellor transferred to the Secretary of State, and all property, rights and liabilities to which the Lord Chancellor is entitled or subject to in connection with any such function transferred to the Secretary of State for Constitutional Affairs (19.8.2003) by S.I. 2003/1887, art. 4, Sch. 1C3Act modified (30.1.2020) by Direct Payments to Farmers (Legislative Continuity) Act 2020 (c. 2), ss. 2(8), 9(3)C4Act modified (31.12.2020) by European Union (Withdrawal) Act 2018 (c. 16), s. 25(4), Sch. 8 para. 30 (with s. 19, Sch. 8 para. 37); S.I. 2020/1622, reg. 3(n) IntroductionU.K.1 The Convention Rights.U.K.(1)In this Act “the Convention rights” means the rights and fundamental freedoms set out in—","['0.051*""sch"" + 0.042*""act"" + 0.034*""lord"" + 0.034*""secretary"" + 0.034*""para""']"
 as read with Articles 16 to 18 of the Convention.,"['0.333*""articles"" + 0.333*""convention"" + 0.333*""read""']"
 (2)Those Articles are to have effect for the purposes of this Act subject to any designated derogation or reservation (as to which see sections 14 and 15).,"['0.100*""see"" + 0.100*""articles"" + 0.100*""derogation"" + 0.100*""designated"" + 0.100*""subject""']"
 (3)The Articles are set out in Schedule 1.,"['0.333*""articles"" + 0.333*""schedule"" + 0.333*""set""']"
" (4)The [F2Secretary of State] may by order make such amendments to this Act as he considers appropriate to reflect the effect, in relation to the United Kingdom, of a protocol.","['0.071*""order"" + 0.071*""relation"" + 0.071*""appropriate"" + 0.071*""considers"" + 0.071*""state""']"
 (5)In subsection (4) “protocol” means a protocol to the Convention—,"['0.429*""protocol"" + 0.286*""subsection"" + 0.286*""means""']"
 (6)No amendment may be made by an order under subsection (4) so as to come into force before the protocol concerned is in force in relation to the United Kingdom.,"['0.120*""force"" + 0.080*""united"" + 0.080*""come"" + 0.080*""may"" + 0.080*""made""']"
" Textual AmendmentsF1Words in s. 1(1)(c) substituted (22.6.2004) by The Human Rights Act 1998 (Amendment) Order 2004 (S. I. 2004/1574), art. 2(1)F2Words in s. 1 substituted (19.8.2003) by The Secretary of State for Constitutional Affairs Order 2003 (S. I. 2003/1887), art. 9, Sch. 2 para. 10(1)2 Interpretation of Convention rights.U.K.(1)A court or tribunal determining a question which has arisen in connection with a Convention right must take into account any—","['0.052*""substituted"" + 0.052*""order"" + 0.052*""art"" + 0.052*""convention"" + 0.034*""take""']"
" whenever made or given, so far as, in the opinion of the court or tribunal, it is relevant to the proceedings in which that question has arisen.","['0.091*""proceedings"" + 0.091*""far"" + 0.091*""opinion"" + 0.091*""tribunal"" + 0.091*""relevant""']"
" (2)Evidence of any judgment, decision, declaration or opinion of which account may have to be taken under this section is to be given in proceedings before any court or tribunal in such manner as may be provided by rules.","['0.091*""may"" + 0.061*""tribunal"" + 0.061*""section"" + 0.061*""opinion"" + 0.061*""rules""']"
" (3)In this section “rules” means rules of court or, in the case of proceedings before a tribunal, rules made for the purposes of this section—","['0.200*""rules"" + 0.100*""means"" + 0.100*""proceedings"" + 0.100*""made"" + 0.100*""tribunal""']"
 (ii)for which no rules made under paragraph (a) are in force.,"['0.200*""made"" + 0.200*""force"" + 0.200*""ii"" + 0.200*""paragraph"" + 0.200*""rules""']"
" Textual AmendmentsF3Words in s. 2(3)(a) repealed (19.8.2003) by The Secretary of State for Constitutional Affairs Order 2003 (S. I. 2003/1887), art. 9, Sch. 2 para. 10(2)F4Words in s. 2(3)(a) inserted (12.1.2006) by The Transfer of Functions (Lord Chancellor and Secretary of State) Order 2005 (S.I. 2005/3429), art. 8, Sch. para. 3Modifications etc. (not altering text)C5S. 2(3)(a): functions of the Secretary of State to be exercisable concurrently with the Lord Chancellor (12.1.2006) by The Transfer of Functions (Lord Chancellor and Secretary of State) Order 2005 (S.I. 2005/3429), art. 3(2) (with arts. 4, 5) LegislationU.K.3 Interpretation of legislation.U.K.(1)So far as it is possible to do so, primary legislation and subordinate legislation must be read and given effect in a way which is compatible with the Convention rights.","['0.056*""state"" + 0.056*""secretary"" + 0.044*""functions"" + 0.044*""chancellor"" + 0.044*""order""']"
 (2)This section—,[]
 4 Declaration of incompatibility.U.K.(1)Subsection (2) applies in any proceedings in which a court determines whether a provision of primary legislation is compatible with a Convention right.,"['0.077*""declaration"" + 0.077*""proceedings"" + 0.077*""compatible"" + 0.077*""provision"" + 0.077*""right""']"
" (2)If the court is satisfied that the provision is incompatible with a Convention right, it may make a declaration of that incompatibility.","['0.100*""declaration"" + 0.100*""court"" + 0.100*""convention"" + 0.100*""incompatibility"" + 0.100*""provision""']"
" (3)Subsection (4) applies in any proceedings in which a court determines whether a provision of subordinate legislation, made in the exercise of a power conferred by primary legislation, is compatible with a Convention right.","['0.086*""legislation"" + 0.057*""power"" + 0.057*""made"" + 0.057*""primary"" + 0.057*""conferred""']"
 (4)If the court is satisfied—,"['1.000*""court""']"
 it may make a declaration of that incompatibility.,"['0.250*""incompatibility"" + 0.250*""make"" + 0.250*""may"" + 0.250*""declaration""']"
 (5)In this section “court” means—,"['0.500*""court"" + 0.500*""section""']"
 [F5(a)the Supreme Court;],"['0.500*""court"" + 0.500*""supreme""']"
" [F7(f)the Court of Protection, in any matter being dealt with by the President of the Family Division, the [F8Chancellor of the High Court] or a puisne judge of the High Court.]","['0.160*""court"" + 0.120*""high"" + 0.080*""matter"" + 0.080*""division"" + 0.080*""protection""']"
 (6)A declaration under this section (“a declaration of incompatibility”)—,"['0.429*""declaration"" + 0.286*""incompatibility"" + 0.286*""section""']"
" Textual AmendmentsF5S. 4(5)(a) substituted (1.10.2009) by Constitutional Reform Act 2005 (c. 4), ss. 40, 148, Sch. 9 para. 66(2); S.I. 2009/1604, art. 2(d)F6Words in s. 4(5)(c) substituted (28.3.2009 for certain purposes and 31.10.2009 otherwise) by Armed Forces Act 2006 (c. 52), ss. 378, 383, Sch. 16 para. 156; S.I. 2009/812, art. 3 (with transitional provisions in S.I. 2009/1059); S.I. 2009/1167, art. 4F7S. 4(5)(f) inserted (1.10.2007) by Mental Capacity Act 2005 (c. 9), ss. 67(1), 68(1)-(3), Sch. 6 para. 43 (with ss. 27, 28, 29, 62); S.I. 2007/1897, art. 2(1)(c)(d)F8Words in s. 4(5)(f) substituted (1.10.2013) by Crime and Courts Act 2013 (c. 22), s. 61(3), Sch. 14 para. 5(5); S.I. 2013/2200, art. 3(g)5 Right of Crown to intervene.U.K.(1)Where a court is considering whether to make a declaration of incompatibility, the Crown is entitled to notice in accordance with rules of court.","['0.064*""art"" + 0.053*""para"" + 0.053*""sch"" + 0.053*""ss"" + 0.053*""act""']"
 (2)In any case to which subsection (1) applies—,"['0.500*""case"" + 0.500*""subsection""']"
" is entitled, on giving notice in accordance with rules of court, to be joined as a party to the proceedings.","['0.111*""rules"" + 0.111*""joined"" + 0.111*""giving"" + 0.111*""party"" + 0.111*""proceedings""']"
 (3)Notice under subsection (2) may be given at any time during the proceedings.,"['0.167*""time"" + 0.167*""given"" + 0.167*""may"" + 0.167*""proceedings"" + 0.167*""subsection""']"
" (4)A person who has been made a party to criminal proceedings (other than in Scotland) as the result of a notice under subsection (2) may, with leave, appeal to the [F9Supreme Court] against any declaration of incompatibility made in the proceedings.","['0.094*""proceedings"" + 0.094*""made"" + 0.063*""appeal"" + 0.063*""court"" + 0.063*""incompatibility""']"
 (5)In subsection (4)—,"['1.000*""subsection""']"
 “criminal proceedings” includes all proceedings before the [F10Court Martial Appeal Court]; and,"['0.231*""proceedings"" + 0.154*""appeal"" + 0.154*""includes"" + 0.154*""criminal"" + 0.154*""martial""']"
 “leave” means leave granted by the court making the declaration of incompatibility or by the [F11Supreme Court],"['0.187*""leave"" + 0.187*""court"" + 0.125*""granted"" + 0.125*""making"" + 0.125*""means""']"
" Textual AmendmentsF9Words in s. 5(4) substituted (1.10.2009) by Constitutional Reform Act 2005 (c. 4), ss. 40, 148, Sch. 9 para. 66(3); S.I. 2009/1604, art. 2(d)F10Words in s. 5(5) substituted (28.3.2009 for certain purposes and 31.10.2009 otherwise) by Armed Forces Act 2006 (c. 52), ss. 378, 383, Sch. 16 para. 157; S.I. 2009/812, art. 3 (with transitional provisions in S.I. 2009/1059); S.I. 2009/1167, art. 4F11Words in s. 5(5) substituted (1.10.2009) by Constitutional Reform Act 2005 (c. 4), ss. 40, 148, Sch. 9 para. 66(3); S.I. 2009/1604, art. 2(d)Modifications etc. (not altering text)C6S. 5(2) functions made exercisable concurrently or jointly with the Welsh Ministers by 2006 c. 32, Sch. 3A para. 1 (as inserted (1.4.2018) by Wales Act 2017 (c. 4), s. 71(4), Sch. 4 para. 1 (with Sch. 7 paras. 1, 6); S.I. 2017/1179, reg. 3(p)) Public authoritiesU.K.6 Acts of public authorities.U.K.(1)It is unlawful for a public authority to act in a way which is incompatible with a Convention right.","['0.067*""sch"" + 0.058*""act"" + 0.058*""para"" + 0.048*""art"" + 0.038*""substituted""']"
 (2)Subsection (1) does not apply to an act if—,"['0.333*""apply"" + 0.333*""act"" + 0.333*""subsection""']"
 (3)In this section “public authority” includes—,"['0.333*""authority"" + 0.333*""public"" + 0.333*""section""']"
 but does not include either House of Parliament or a person exercising functions in connection with proceedings in Parliament.,"['0.158*""parliament"" + 0.105*""proceedings"" + 0.105*""connection"" + 0.105*""functions"" + 0.105*""exercising""']"
 (4)F12. . . . . . . . . . . . . . . . . . . . . . . . . . . . . . . .,[]
" (5)In relation to a particular act, a person is not a public authority by virtue only of subsection (3)(b) if the nature of the act is private.","['0.130*""act"" + 0.087*""particular"" + 0.087*""private"" + 0.087*""subsection"" + 0.087*""public""']"
 (6)“An act” includes a failure to act but does not include a failure to—,"['0.300*""act"" + 0.300*""failure"" + 0.200*""include"" + 0.200*""includes""']"
" Textual AmendmentsF12S. 6(4) repealed (1.10.2009) by Constitutional Reform Act 2005 (c. 4), ss. 40, 146, 148, Sch. 9 para. 66(4), Sch. 18 Pt. 5; S.I. 2009/1604, art. 2(d)(f)Modifications etc. (not altering text)C7S. 6 excluded (5.3.2015) by Infrastructure Act 2015 (c. 7), ss. 8(3)(b), 57(1); S.I. 2015/481, reg. 2(a)C8S. 6(1) applied (2.10.2000) by 1999 c. 33, ss. 65(2), 170(4); S.I. 2000/2444, art. 2, Sch. 1 (subject to transitional provisions in arts. 3, 4, Sch. 2)C9S. 6(3)(b) modified (1.12.2008 with exception in art. 2(2) of commencing S.I.) by Health and Social Care Act 2008 (c. 14), ss. 145(1)-(4), 170 (with s. 145(5)); S.I. 2008/2994, art. 2(1)C10S. 6(3)(b) applied (1.4.2015) by Care Act 2014 (c. 23), s. 73(2)(3)127; S.I. 2015/993, art. 2(r) (with transitional provisions in S.I. 2015/995)7 Proceedings.U.K.(1)A person who claims that a public authority has acted (or proposes to act) in a way which is made unlawful by section 6(1) may—","['0.059*""art"" + 0.059*""act"" + 0.049*""ss"" + 0.049*""sch"" + 0.039*""b""']"
 but only if he is (or would be) a victim of the unlawful act.,"['0.250*""unlawful"" + 0.250*""victim"" + 0.250*""act"" + 0.250*""would""']"
 (2)In subsection (1)(a) “appropriate court or tribunal” means such court or tribunal as may be determined in accordance with rules; and proceedings against an authority include a counterclaim or similar proceeding.,"['0.094*""tribunal"" + 0.094*""court"" + 0.063*""appropriate"" + 0.063*""rules"" + 0.063*""proceedings""']"
" (3)If the proceedings are brought on an application for judicial review, the applicant is to be taken to have a sufficient interest in relation to the unlawful act only if he is, or would be, a victim of that act.","['0.103*""act"" + 0.069*""interest"" + 0.069*""brought"" + 0.069*""applicant"" + 0.069*""would""']"
" (4)If the proceedings are made by way of a petition for judicial review in Scotland, the applicant shall be taken to have title and interest to sue in relation to the unlawful act only if he is, or would be, a victim of that act.","['0.081*""act"" + 0.054*""way"" + 0.054*""petition"" + 0.054*""relation"" + 0.054*""proceedings""']"
 (5)Proceedings under subsection (1)(a) must be brought before the end of—,"['0.200*""brought"" + 0.200*""proceedings"" + 0.200*""subsection"" + 0.200*""end"" + 0.200*""must""']"
 but that is subject to any rule imposing a stricter time limit in relation to the procedure in question.,"['0.111*""question"" + 0.111*""rule"" + 0.111*""relation"" + 0.111*""stricter"" + 0.111*""procedure""']"
 (6)In subsection (1)(b) “legal proceedings” includes—,"['0.250*""b"" + 0.250*""proceedings"" + 0.250*""subsection"" + 0.250*""legal""']"
" (7)For the purposes of this section, a person is a victim of an unlawful act only if he would be a victim for the purposes of Article 34 of the Convention if proceedings were brought in the European Court of Human Rights in respect of that act.","['0.086*""act"" + 0.086*""victim"" + 0.086*""purposes"" + 0.057*""proceedings"" + 0.057*""respect""']"
 (8)Nothing in this Act creates a criminal offence.,"['0.200*""offence"" + 0.200*""creates"" + 0.200*""criminal"" + 0.200*""nothing"" + 0.200*""act""']"
 (9)In this section “rules” means—,"['0.500*""rules"" + 0.500*""section""']"
" (ii)for which no rules made under paragraph (a) are in force,","['0.200*""ii"" + 0.200*""force"" + 0.200*""made"" + 0.200*""paragraph"" + 0.200*""rules""']"
" rules made by a Northern Ireland department for those purposes,","['0.167*""purposes"" + 0.167*""department"" + 0.167*""ireland"" + 0.167*""made"" + 0.167*""rules""']"
 and includes provision made by order under section 1 of the M1Courts and Legal Services Act 1990.,"['0.125*""act"" + 0.125*""includes"" + 0.125*""services"" + 0.125*""provision"" + 0.125*""section""']"
" (10)In making rules, regard must be had to section 9.","['0.200*""must"" + 0.200*""regard"" + 0.200*""section"" + 0.200*""making"" + 0.200*""rules""']"
" (11)The Minister who has power to make rules in relation to a particular tribunal may, to the extent he considers it necessary to ensure that the tribunal can provide an appropriate remedy in relation to an act (or proposed act) of a public authority which is (or would be) unlawful as a result of section 6(1), by order add to—","['0.057*""act"" + 0.057*""relation"" + 0.057*""tribunal"" + 0.038*""remedy"" + 0.038*""extent""']"
" (12)An order made under subsection (11) may contain such incidental, supplemental, consequential or transitional provision as the Minister making it considers appropriate.","['0.071*""consequential"" + 0.071*""transitional"" + 0.071*""considers"" + 0.071*""minister"" + 0.071*""subsection""']"
 (13)“The Minister” includes the Northern Ireland department concerned.,"['0.167*""ireland"" + 0.167*""minister"" + 0.167*""concerned"" + 0.167*""department"" + 0.167*""includes""']"
" Textual AmendmentsF13Words in s. 7(9)(a) repealed (19.8.2003) by The Secretary of State for Constitutional Affairs Order 2003 (S. I. 2003/1887), art. 9, Sch. 2 para. 10(2)F14Words in s. 7(9)(a) inserted (12.1.2006) by The Transfer of Functions (Lord Chancellor and Secretary of State) Order 2005 (S.I. 2005/3429), art. 8, Sch. para. 3,Modifications etc. (not altering text)C11S. 7 amended (2.10.2000) by Regulation of Investigatory Powers Act 2000 (c. 23), ss. 65(2)(a), 83 (with s. 82(3); S.I. 2000/2543, art. 3C12S. 7: referred to (11.3.2005) by Prevention of Terrorism Act 2005 ( c. 2), {s. 11(2)}C13S. 7(9)(a): functions of the Secretary of State to be exercisable concurrently with the Lord Chancellor (12.1.2006) by The Transfer of Functions (Lord Chancellor and Secretary of State) Order 2005 (S.I. 2005/3429), art. 3(2) (with arts. 4, 5)C14S. 7(11): functions of the Secretary of State to be exercisable concurrently with the Lord Chancellor (12.1.2006) by The Transfer of Functions (Lord Chancellor and Secretary of State) Order 2005 (S.I. 2005/3429), art. 3(2) (with arts. 4, 5)Marginal CitationsM11990 c. 41. [F157ALimitation: overseas armed forces proceedingsU.K.(1)A court or tribunal exercising its discretion under section 7(5)(b) in respect of overseas armed forces proceedings must do so—","['0.055*""state"" + 0.055*""secretary"" + 0.047*""functions"" + 0.047*""lord"" + 0.047*""chancellor""']"
 (2)The court or tribunal must have particular regard to—,"['0.200*""court"" + 0.200*""must"" + 0.200*""particular"" + 0.200*""regard"" + 0.200*""tribunal""']"
" (ii)the extent of dependence on the memories of such individuals, taking into account the effect of the operational context on the ability of such individuals to record, or to retain records of, relevant events or actions;","['0.086*""individuals"" + 0.057*""actions"" + 0.057*""records"" + 0.057*""taking"" + 0.057*""record""']"
" (3)In subsection (2) references to “the operational context” are to the fact that the events to which the proceedings relate took place in the context of overseas operations, and include references to the exceptional demands and stresses to which members of Her Majesty's forces are subject.","['0.071*""references"" + 0.071*""context"" + 0.048*""place"" + 0.048*""overseas"" + 0.048*""events""']"
 (4)The rule referred to in subsection (1)(b) is that overseas armed forces proceedings must be brought before the later of—,"['0.091*""rule"" + 0.091*""forces"" + 0.091*""proceedings"" + 0.091*""armed"" + 0.091*""b""']"
" (5)In subsection (4), the “date of knowledge” means the date on which the person bringing the proceedings first knew, or first ought to have known, both—","['0.125*""first"" + 0.125*""date"" + 0.083*""bringing"" + 0.083*""person"" + 0.083*""knowledge""']"
 (6)“Overseas armed forces proceedings” means proceedings—,"['0.200*""forces"" + 0.200*""armed"" + 0.200*""overseas"" + 0.200*""proceedings"" + 0.200*""means""']"
" (7)“Overseas operations” means any operations outside the British Islands, including peacekeeping operations and operations for dealing with terrorism, civil unrest or serious public disorder, in the course of which members of Her Majesty's forces come under attack or face the threat of attack or violent resistance.","['0.093*""operations"" + 0.056*""attack"" + 0.037*""peacekeeping"" + 0.037*""dealing"" + 0.037*""members""']"
 (8)In this section the reference to the British Islands includes the territorial sea adjacent to the United Kingdom and the territorial sea adjacent to any of the Channel Islands or the Isle of Man.,"['0.100*""sea"" + 0.100*""adjacent"" + 0.100*""territorial"" + 0.100*""islands"" + 0.067*""reference""']"
 (9)In this section “Her Majesty's forces” has the same meaning as in the Armed Forces Act 2006 (see section 374 of that Act).],"['0.176*""act"" + 0.176*""section"" + 0.176*""forces"" + 0.118*""armed"" + 0.118*""majesty""']"
" Textual AmendmentsF15S. 7A inserted (30.6.2021) by Overseas Operations (Service Personnel and Veterans) Act 2021 (c. 23), ss. 11(2), 14(2); S.I. 2021/678, reg. 28 Judicial remedies.U.K.(1)In relation to any act (or proposed act) of a public authority which the court finds is (or would be) unlawful, it may grant such relief or remedy, or make such order, within its powers as it considers just and appropriate.","['0.067*""act"" + 0.033*""personnel"" + 0.033*""would"" + 0.033*""textual"" + 0.033*""appropriate""']"
" (2)But damages may be awarded only by a court which has power to award damages, or to order the payment of compensation, in civil proceedings.","['0.130*""damages"" + 0.087*""may"" + 0.087*""power"" + 0.087*""awarded"" + 0.087*""compensation""']"
" (3)No award of damages is to be made unless, taking account of all the circumstances of the case, including—","['0.125*""award"" + 0.125*""made"" + 0.125*""taking"" + 0.125*""circumstances"" + 0.125*""damages""']"
 the court is satisfied that the award is necessary to afford just satisfaction to the person in whose favour it is made.,"['0.100*""person"" + 0.100*""award"" + 0.100*""satisfaction"" + 0.100*""made"" + 0.100*""court""']"
 (4)In determining—,[]
 the court must take into account the principles applied by the European Court of Human Rights in relation to the award of compensation under Article 41 of the Convention.,"['0.103*""court"" + 0.069*""compensation"" + 0.069*""applied"" + 0.069*""rights"" + 0.069*""relation""']"
 (5)A public authority against which damages are awarded is to be treated—,"['0.250*""awarded"" + 0.250*""damages"" + 0.250*""public"" + 0.250*""authority""']"
 (6)In this section—,[]
 “court” includes a tribunal;,"['0.333*""includes"" + 0.333*""court"" + 0.333*""tribunal""']"
 “damages” means damages for an unlawful act of a public authority; and,"['0.231*""damages"" + 0.154*""public"" + 0.154*""unlawful"" + 0.154*""means"" + 0.154*""act""']"
 “unlawful” means unlawful under section 6(1).,"['0.429*""unlawful"" + 0.286*""section"" + 0.286*""means""']"
 Marginal CitationsM21940 c. 42. M31978 c. 47. 9 Judicial acts.U.K.(1)Proceedings under section 7(1)(a) in respect of a judicial act may be brought only—,"['0.176*""judicial"" + 0.118*""brought"" + 0.118*""marginal"" + 0.118*""act"" + 0.118*""may""']"
 (2)That does not affect any rule of law which prevents a court from being the subject of judicial review.,"['0.125*""review"" + 0.125*""law"" + 0.125*""court"" + 0.125*""rule"" + 0.125*""subject""']"
" [F16(3)In proceedings under this Act in respect of a judicial act done in good faith, damages may not be awarded otherwise than—","['0.130*""act"" + 0.087*""judicial"" + 0.087*""faith"" + 0.087*""proceedings"" + 0.087*""awarded""']"
" (4)An award of damages permitted by subsection (3) is to be made against the Crown; but no award may be made unless the appropriate person, if not a party to the proceedings, is joined.","['0.107*""made"" + 0.107*""award"" + 0.071*""person"" + 0.071*""may"" + 0.071*""crown""']"
 (5)In this section—,[]
" “appropriate person” means the Minister responsible for the court concerned, or a person or government department nominated by him;","['0.143*""person"" + 0.095*""means"" + 0.095*""nominated"" + 0.095*""government"" + 0.095*""responsible""']"
 “court” includes a tribunal;,"['0.333*""includes"" + 0.333*""tribunal"" + 0.333*""court""']"
" “judge” includes a member of a tribunal, a justice of the peace [F17(or, in Northern Ireland, a lay magistrate)] and a clerk or other officer entitled to exercise the jurisdiction of a court;","['0.063*""peace"" + 0.063*""jurisdiction"" + 0.063*""ireland"" + 0.063*""officer"" + 0.063*""lay""']"
" “judicial act” means a judicial act of a court and includes an act done on the instructions, or on behalf, of a judge; and","['0.190*""act"" + 0.143*""judicial"" + 0.095*""means"" + 0.095*""court"" + 0.095*""behalf""']"
 “rules” has the same meaning as in section 7(9).,"['0.333*""meaning"" + 0.333*""section"" + 0.333*""rules""']"
" Textual AmendmentsF16S. 9(3) substituted (21.10.2020) by The Human Rights Act 1998 (Remedial) Order 2020 (S.I. 2020/1160), arts. 1(2), 2(1) (with art. 2(2))F17Words in definition s. 9(5) inserted (N.I.)(1.4.2005) by 2002 c. 26, s. 10(6), Sch. 4 para. 39; S.R. 2005/109, art. 2 Sch. Remedial actionU.K.10 Power to take remedial action.U.K.(1)This section applies if—","['0.105*""remedial"" + 0.079*""sch"" + 0.079*""art"" + 0.053*""order"" + 0.053*""definition""']"
 (ii)the time for bringing an appeal has expired and no appeal has been brought within that time; or,"['0.187*""appeal"" + 0.187*""time"" + 0.125*""bringing"" + 0.125*""expired"" + 0.125*""ii""']"
 (iii)an appeal brought within that time has been determined or abandoned; or,"['0.143*""brought"" + 0.143*""determined"" + 0.143*""abandoned"" + 0.143*""iii"" + 0.143*""appeal""']"
" (2)If a Minister of the Crown considers that there are compelling reasons for proceeding under this section, he may by order make such amendments to the legislation as he considers necessary to remove the incompatibility.","['0.097*""considers"" + 0.065*""section"" + 0.065*""order"" + 0.065*""amendments"" + 0.065*""crown""']"
" (3)If, in the case of subordinate legislation, a Minister of the Crown considers—","['0.200*""minister"" + 0.200*""case"" + 0.200*""crown"" + 0.200*""legislation"" + 0.200*""subordinate""']"
 he may by order make such amendments to the primary legislation as he considers necessary.,"['0.125*""primary"" + 0.125*""may"" + 0.125*""necessary"" + 0.125*""make"" + 0.125*""order""']"
" (4)This section also applies where the provision in question is in subordinate legislation and has been quashed, or declared invalid, by reason of incompatibility with a Convention right and the Minister proposes to proceed under paragraph 2(b) of Schedule 2.","['0.050*""declared"" + 0.050*""section"" + 0.050*""proposes"" + 0.050*""paragraph"" + 0.050*""provision""']"
" (5)If the legislation is an Order in Council, the power conferred by subsection (2) or (3) is exercisable by Her Majesty in Council.","['0.176*""council"" + 0.118*""majesty"" + 0.118*""order"" + 0.118*""conferred"" + 0.118*""power""']"
 (6)In this section “legislation” does not include a Measure of the Church Assembly or of the General Synod of the Church of England.,"['0.158*""church"" + 0.105*""england"" + 0.105*""section"" + 0.105*""include"" + 0.105*""general""']"
 (7)Schedule 2 makes further provision about remedial orders.,"['0.200*""orders"" + 0.200*""makes"" + 0.200*""remedial"" + 0.200*""schedule"" + 0.200*""provision""']"
 Other rights and proceedingsU.K.11 Safeguard for existing human rights.U.K.A person’s reliance on a Convention right does not restrict—,"['0.125*""existing"" + 0.125*""right"" + 0.125*""safeguard"" + 0.125*""human"" + 0.125*""reliance""']"
" 12 Freedom of expression.U.K.(1)This section applies if a court is considering whether to grant any relief which, if granted, might affect the exercise of the Convention right to freedom of expression.","['0.097*""freedom"" + 0.065*""applies"" + 0.065*""grant"" + 0.065*""exercise"" + 0.065*""right""']"
" (2)If the person against whom the application for relief is made (“the respondent”) is neither present nor represented, no such relief is to be granted unless the court is satisfied—","['0.130*""relief"" + 0.087*""court"" + 0.087*""person"" + 0.087*""unless"" + 0.087*""neither""']"
 (3)No such relief is to be granted so as to restrain publication before trial unless the court is satisfied that the applicant is likely to establish that publication should not be allowed.,"['0.120*""publication"" + 0.080*""unless"" + 0.080*""trial"" + 0.080*""allowed"" + 0.080*""establish""']"
" (4)The court must have particular regard to the importance of the Convention right to freedom of expression and, where the proceedings relate to material which the respondent claims, or which appears to the court, to be journalistic, literary or artistic material (or to conduct connected with such material), to—","['0.093*""material"" + 0.070*""court"" + 0.047*""artistic"" + 0.047*""must"" + 0.047*""connected""']"
" (ii)it is, or would be, in the public interest for the material to be published;","['0.167*""ii"" + 0.167*""public"" + 0.167*""material"" + 0.167*""would"" + 0.167*""published""']"
 (5)In this section—,[]
 “court” includes a tribunal; and,"['0.333*""includes"" + 0.333*""tribunal"" + 0.333*""court""']"
 “relief” includes any remedy or order (other than in criminal proceedings).,"['0.167*""order"" + 0.167*""proceedings"" + 0.167*""remedy"" + 0.167*""includes"" + 0.167*""relief""']"
" 13 Freedom of thought, conscience and religion.U.K.(1)If a court’s determination of any question arising under this Act might affect the exercise by a religious organisation (itself or its members collectively) of the Convention right to freedom of thought, conscience and religion, it must have particular regard to the importance of that right.","['0.062*""right"" + 0.062*""freedom"" + 0.062*""conscience"" + 0.062*""thought"" + 0.042*""arising""']"
 (2)In this section “court” includes a tribunal.,"['0.250*""court"" + 0.250*""section"" + 0.250*""tribunal"" + 0.250*""includes""']"
 Derogations and reservationsU.K.14 Derogations.U.K.(1)In this Act “designated derogation” means—,"['0.250*""derogations"" + 0.250*""designated"" + 0.250*""derogation"" + 0.250*""act""']"
 F18. . . . . . . . . . . . . . . . . . . . . . . . . . . . . . . .,[]
" any derogation by the United Kingdom from an Article of the Convention, or of any protocol to the Convention, which is designated for the purposes of this Act in an order made by the [F19Secretary of State]","['0.120*""convention"" + 0.080*""united"" + 0.080*""made"" + 0.080*""order"" + 0.080*""purposes""']"
 F20(2). . . . . . . . . . . . . . . . . . . . . . . . . . . . . . . .,[]
 (3)If a designated derogation is amended or replaced it ceases to be a designated derogation.,"['0.250*""designated"" + 0.250*""derogation"" + 0.167*""amended"" + 0.167*""replaced"" + 0.167*""ceases""']"
 (4)But subsection (3) does not prevent the [F21Secretary of State] from exercising his power under subsection (1) F22. . . to make a fresh designation order in respect of the Article concerned.,"['0.120*""subsection"" + 0.080*""concerned"" + 0.080*""prevent"" + 0.080*""power"" + 0.080*""make""']"
 (5)The [F23Secretary of State] must by order make such amendments to Schedule 3 as he considers appropriate to reflect—,"['0.125*""amendments"" + 0.125*""appropriate"" + 0.125*""considers"" + 0.125*""schedule"" + 0.125*""state""']"
 (6)A designation order may be made in anticipation of the making by the United Kingdom of a proposed derogation.,"['0.100*""kingdom"" + 0.100*""made"" + 0.100*""may"" + 0.100*""united"" + 0.100*""designation""']"
" Textual AmendmentsF18S. 14(1): from “(a)” to “(b)” repealed (1.4.2001) by S.I. 2001/1216, art. 2(a)F19Words in s. 14 substituted (19.8.2003) by The Secretary of State for Constitutional Affairs Order 2003 (S. I. 2003/1887), art. 9, Sch. 2 para. 10(1)F20S. 14(2) repealed (1.4.2001) by S.I. 2001/1216, art. 2(b)F21Words in s. 14 substituted (19.8.2003) by The Secretary of State for Constitutional Affairs Order 2003 (S. I. 2003/1887), art. 9, Sch. 2 para. 10(1)F22S. 14(4): “(b)” repealed (1.4.2001) by S.I. 2001/1216, art. 2(c)F23Words in s. 14 substituted (19.8.2003) by The Secretary of State for Constitutional Affairs Order 2003 (S. I. 2003/1887), art. 9, Sch. 2 para. 10(1)15 Reservations.U.K.(1)In this Act “designated reservation” means—","['0.123*""art"" + 0.070*""secretary"" + 0.070*""para"" + 0.070*""sch"" + 0.070*""b""']"
 (2)The text of the reservation referred to in subsection (1)(a) is set out in Part II of Schedule 3.,"['0.125*""referred"" + 0.125*""subsection"" + 0.125*""part"" + 0.125*""schedule"" + 0.125*""reservation""']"
 (3)If a designated reservation is withdrawn wholly or in part it ceases to be a designated reservation.,"['0.214*""reservation"" + 0.214*""designated"" + 0.143*""wholly"" + 0.143*""ceases"" + 0.143*""part""']"
 (4)But subsection (3) does not prevent the [F25Secretary of State] from exercising his power under subsection (1)(b) to make a fresh designation order in respect of the Article concerned.,"['0.111*""subsection"" + 0.074*""order"" + 0.074*""state"" + 0.074*""respect"" + 0.074*""power""']"
 (5)[F26Secretary of State] must by order make such amendments to this Act as he considers appropriate to reflect—,"['0.125*""state"" + 0.125*""must"" + 0.125*""appropriate"" + 0.125*""act"" + 0.125*""make""']"
" Textual AmendmentsF24Words in s. 15 substituted (19.8.2003) by The Secretary of State for Constitutional Affairs Order 2003 (S. I. 2003/1887), art. 9, Sch. 2 para. 10(1)F25Words in s. 15 substituted (19.8.2003) by The Secretary of State for Constitutional Affairs Order 2003 (S. I. 2003/1887), art. 9, Sch. 2 para. 10(1)F26Words in s. 15 substituted (19.8.2003) by The Secretary of State for Constitutional Affairs Order 2003 (S. I. 2003/1887), art. 9, Sch. 2 para. 10(1)16 Period for which designated derogations have effect.U.K.(1)If it has not already been withdrawn by the United Kingdom, a designated derogation ceases to have effect for the purposes of this Act—","['0.066*""state"" + 0.066*""substituted"" + 0.066*""affairs"" + 0.066*""constitutional"" + 0.066*""secretary""']"
 F27. . . . . . . . . . . . . . . . . . . . . . . . . . . . . . . .,[]
" . . ., at the end of the period of five years beginning with the date on which the order designating it was made.","['0.111*""period"" + 0.111*""five"" + 0.111*""beginning"" + 0.111*""end"" + 0.111*""order""']"
 (2)At any time before the period—,"['1.000*""time""']"
" comes to an end, the [F29Secretary of State] may by order extend it by a further period of five years.","['0.111*""five"" + 0.111*""state"" + 0.111*""extend"" + 0.111*""period"" + 0.111*""end""']"
" (3)An order under section 14(1) F30. . . ceases to have effect at the end of the period for consideration, unless a resolution has been passed by each House approving the order.","['0.120*""order"" + 0.080*""section"" + 0.080*""effect"" + 0.080*""passed"" + 0.080*""ceases""']"
 (4)Subsection (3) does not affect—,"['1.000*""subsection""']"
 (5)In subsection (3) “period for consideration” means the period of forty days beginning with the day on which the order was made.,"['0.143*""period"" + 0.095*""days"" + 0.095*""beginning"" + 0.095*""consideration"" + 0.095*""order""']"
" (6)In calculating the period for consideration, no account is to be taken of any time during which—","['0.167*""calculating"" + 0.167*""time"" + 0.167*""account"" + 0.167*""consideration"" + 0.167*""period""']"
" (7)If a designated derogation is withdrawn by the United Kingdom, the [F31Secretary of State] must by order make such amendments to this Act as he considers are required to reflect that withdrawal.","['0.067*""make"" + 0.067*""amendments"" + 0.067*""order"" + 0.067*""withdrawn"" + 0.067*""considers""']"
" Textual AmendmentsF27S. 16(1): words from “(a)” to “any other derogation” repealed (1.4.2001) by S.I. 2001/1216, art. 3(a)F28Words in s. 16(2)(a) repealed (1.4.2001) by S.I. 2001/1216, art. 3(b)F29Words in s. 16 substituted (19.8.2003) by The Secretary of State for Constitutional Affairs Order 2003 (S. I. 2003/1887), art. 9, Sch. 2 para. 10(1)F30S. 16(3)(4)(b): “(b)” repealed (1.4.2001) by S.I. 2001/1216, art. 3(c)(d)F31Words in s. 16 substituted (19.8.2003) by The Secretary of State for Constitutional Affairs Order 2003 (S. I. 2003/1887), art. 9, Sch. 2 para. 10(1)17 Periodic review of designated reservations.U.K.(1)The appropriate Minister must review the designated reservation referred to in section 15(1)(a)—","['0.091*""art"" + 0.061*""b"" + 0.061*""repealed"" + 0.045*""secretary"" + 0.045*""state""']"
 (2)The appropriate Minister must review each of the other designated reservations (if any)—,"['0.167*""designated"" + 0.167*""must"" + 0.167*""review"" + 0.167*""appropriate"" + 0.167*""minister""']"
 (3)The Minister conducting a review under this section must prepare a report on the result of the review and lay a copy of it before each House of Parliament.,"['0.120*""review"" + 0.080*""lay"" + 0.080*""copy"" + 0.080*""minister"" + 0.080*""section""']"
 Judges of the European Court of Human RightsU.K.18 Appointment to European Court of Human Rights.U.K.(1)In this section “judicial office” means the office of—,"['0.136*""office"" + 0.136*""court"" + 0.136*""human"" + 0.136*""european"" + 0.091*""judges""']"
 (2)The holder of a judicial office may become a judge of the European Court of Human Rights (“the Court”) without being required to relinquish his office.,"['0.107*""office"" + 0.107*""court"" + 0.071*""human"" + 0.071*""rights"" + 0.071*""judicial""']"
 (3)But he is not required to perform the duties of his judicial office while he is a judge of the Court.,"['0.143*""office"" + 0.143*""judge"" + 0.143*""perform"" + 0.143*""required"" + 0.143*""court""']"
 (4)In respect of any period during which he is a judge of the Court—,"['0.333*""judge"" + 0.333*""respect"" + 0.333*""period""']"
" (5)If a sheriff principal is appointed a judge of the Court, section 11(1) of the M10Sheriff Courts (Scotland) Act 1971 (temporary appointment of sheriff principal) applies, while he holds that appointment, as if his office is vacant.","['0.091*""sheriff"" + 0.091*""principal"" + 0.091*""appointment"" + 0.061*""office"" + 0.061*""appointed""']"
 (6)Schedule 4 makes provision about judicial pensions in relation to the holder of a judicial office who serves as a judge of the Court.,"['0.130*""judicial"" + 0.087*""judge"" + 0.087*""serves"" + 0.087*""court"" + 0.087*""office""']"
" (7)The Lord Chancellor or the Secretary of State may by order make such transitional provision (including, in particular, provision for a temporary increase in the maximum number of judges) as he considers appropriate in relation to any holder of a judicial office who has completed his service as a judge of the Court.","['0.057*""provision"" + 0.038*""office"" + 0.038*""temporary"" + 0.038*""may"" + 0.038*""secretary""']"
 [F35(7A)The following paragraphs apply to the making of an order under subsection (7) in relation to any holder of a judicial office listed in subsection (1)(a)—,"['0.130*""subsection"" + 0.087*""judicial"" + 0.087*""office"" + 0.087*""relation"" + 0.087*""apply""']"
 (7B)The following paragraphs apply to the making of an order under subsection (7) in relation to any holder of a judicial office listed in subsection (1)(c)—,"['0.120*""subsection"" + 0.080*""holder"" + 0.080*""apply"" + 0.080*""paragraphs"" + 0.080*""listed""']"
 (7C)The Lord Chief Justice of England and Wales may nominate a judicial office holder (within the meaning of section 109(4) of the Constitutional Reform Act 2005) to exercise his functions under this section.,"['0.081*""section"" + 0.054*""act"" + 0.054*""holder"" + 0.054*""england"" + 0.054*""may""']"
 (7D)The Lord Chief Justice of Northern Ireland may nominate any of the following to exercise his functions under this section—,"['0.100*""justice"" + 0.100*""ireland"" + 0.100*""nominate"" + 0.100*""northern"" + 0.100*""exercise""']"
" Textual AmendmentsF32Words in s. 18(4)(a) substituted (1.10.2009) by Constitutional Reform Act 2005 (c. 4), ss. 59, 148, Sch. 11 para. 4; S.I. 2009/1604, art. 2(d)F33Words in s. 18(4)(a) substituted (1.10.2009) by Constitutional Reform Act 2005 (c. 4), ss. 59, 148, Sch. 11 para. 4; S.I. 2009/1604, art. 2(d)F34Words in s. 18(4)(c) substituted (1.10.2009) by Constitutional Reform Act 2005 (c. 4), ss. 59, 148, Sch. 11 para. 6; S.I. 2009/1604, art. 2(d)F35S. 18(7A)-(7D) inserted (3.4.2006) by Constitutional Reform Act 2005 (c. 4), ss. 15, 148, Sch. 4 para. 278; S.I. 2006/1014, art. 2, Sch. 1 para. 11(v)Marginal CitationsM41988 c. 36. M51973 c. 15. M61978 c. 23. M71971 c. 23. M81907 c. 51. M91959 c. 25 (N.I.). M101971 c. 58.  Parliamentary procedureU.K.19 Statements of compatibility.U.K.(1)A Minister of the Crown in charge of a Bill in either House of Parliament must, before Second Reading of the Bill—","['0.080*""sch"" + 0.080*""para"" + 0.067*""art"" + 0.067*""act"" + 0.067*""ss""']"
 (2)The statement must be in writing and be published in such manner as the Minister making it considers appropriate.,"['0.111*""minister"" + 0.111*""writing"" + 0.111*""manner"" + 0.111*""must"" + 0.111*""published""']"
 SupplementalU.K.20 Orders etc. under this Act.U.K.(1)Any power of a Minister of the Crown to make an order under this Act is exercisable by statutory instrument.,"['0.091*""etc"" + 0.091*""instrument"" + 0.091*""statutory"" + 0.091*""minister"" + 0.091*""act""']"
 (2)The power of F36. . . [F37the Lord Chancellor or] the Secretary of State to make rules (other than rules of court) under section 2(3) or 7(9) is exercisable by statutory instrument.,"['0.120*""rules"" + 0.080*""statutory"" + 0.080*""section"" + 0.080*""state"" + 0.080*""secretary""']"
" (3)Any statutory instrument made under section 14, 15 or 16(7) must be laid before Parliament.","['0.143*""laid"" + 0.143*""must"" + 0.143*""section"" + 0.143*""instrument"" + 0.143*""made""']"
" (4)No order may be made by F38. . . [F39the Lord Chancellor or] the Secretary of State under section 1(4), 7(11) or 16(2) unless a draft of the order has been laid before, and approved by, each House of Parliament.","['0.103*""order"" + 0.069*""may"" + 0.069*""laid"" + 0.069*""chancellor"" + 0.069*""parliament""']"
" (5)Any statutory instrument made under section 18(7) or Schedule 4, or to which subsection (2) applies, shall be subject to annulment in pursuance of a resolution of either House of Parliament.","['0.067*""instrument"" + 0.067*""annulment"" + 0.067*""house"" + 0.067*""subject"" + 0.067*""pursuance""']"
 (6)The power of a Northern Ireland department to make—,"['0.250*""department"" + 0.250*""ireland"" + 0.250*""northern"" + 0.250*""power""']"
 is exercisable by statutory rule for the purposes of the M11Statutory Rules (Northern Ireland) Order 1979.,"['0.125*""purposes"" + 0.125*""order"" + 0.125*""rules"" + 0.125*""ireland"" + 0.125*""exercisable""']"
 (7)Any rules made under section 2(3)(c) or 7(9)(c) shall be subject to negative resolution; and section 41(6) of the M12Interpretation Act Northern Ireland) 1954 (meaning of “subject to negative resolution”) shall apply as if the power to make the rules were conferred by an Act of the Northern Ireland Assembly.,"['0.068*""negative"" + 0.068*""subject"" + 0.068*""northern"" + 0.068*""rules"" + 0.068*""act""']"
" (8)No order may be made by a Northern Ireland department under section 7(11) unless a draft of the order has been laid before, and approved by, the Northern Ireland Assembly.","['0.111*""order"" + 0.111*""northern"" + 0.111*""ireland"" + 0.074*""may"" + 0.074*""approved""']"
" Textual AmendmentsF36Words in s. 20(2) repealed (19.8.2003) by The Secretary of State for Constitutional Affairs Order 2003 (S. I. 2003/1887), art. 9, Sch. 2 para. 10(2)F37Words in s. 20(2) inserted (12.1.2006) by The Transfer of Functions (Lord Chancellor and Secretary of State) Order 2005 (S.I. 2005/3429), art. 8, Sch. para. 3F38Words in s. 20(4) repealed (19.8.2003) by The Secretary of State for Constitutional Affairs Order 2003 (S. I. 2003/1887), art. 9, Sch. 2 para. 10(2)F39Words in s. 20(4) inserted (12.1.2006) by The Transfer of Functions (Lord Chancellor and Secretary of State) Order 2005 (S.I. 2005/3429), art. 8, Sch. para. 3Marginal CitationsM11S.I. 1979/1573 (N.I. 12). M121954 c. 33 (N.I.). 21 Interpretation, etc.U.K.(1)In this Act—","['0.086*""para"" + 0.086*""secretary"" + 0.086*""sch"" + 0.086*""state"" + 0.086*""art""']"
 “amend” includes repeal and apply (with or without modifications);,"['0.167*""without"" + 0.167*""includes"" + 0.167*""apply"" + 0.167*""repeal"" + 0.167*""amend""']"
 “the appropriate Minister” means the Minister of the Crown having charge of the appropriate authorised government department (within the meaning of the M13Crown Proceedings Act 1947);,"['0.115*""appropriate"" + 0.115*""minister"" + 0.077*""department"" + 0.077*""meaning"" + 0.077*""act""']"
 “the Commission” means the European Commission of Human Rights;,"['0.273*""commission"" + 0.182*""european"" + 0.182*""means"" + 0.182*""rights"" + 0.182*""human""']"
" “the Convention” means the Convention for the Protection of Human Rights and Fundamental Freedoms, agreed by the Council of Europe at Rome on 4th November 1950 as it has effect for the time being in relation to the United Kingdom;","['0.086*""convention"" + 0.057*""effect"" + 0.057*""human"" + 0.057*""council"" + 0.057*""protection""']"
 “declaration of incompatibility” means a declaration under section 4;,"['0.333*""declaration"" + 0.222*""incompatibility"" + 0.222*""means"" + 0.222*""section""']"
 “Minister of the Crown” has the same meaning as in the Ministers of the M14Crown Act 1975;,"['0.200*""crown"" + 0.200*""act"" + 0.200*""minister"" + 0.200*""ministers"" + 0.200*""meaning""']"
 “Northern Ireland Minister” includes the First Minister and the deputy First Minister in Northern Ireland;,"['0.235*""minister"" + 0.176*""northern"" + 0.176*""first"" + 0.176*""ireland"" + 0.118*""includes""']"
 “primary legislation” means any—,"['0.333*""means"" + 0.333*""primary"" + 0.333*""legislation""']"
 (ii)made under section 38(1)(a) of the M15Northern Ireland Constitution Act 1973 or the corresponding provision of the Northern Ireland Act 1998; or,"['0.150*""ireland"" + 0.150*""act"" + 0.100*""ii"" + 0.100*""section"" + 0.100*""corresponding""']"
" (iii)amending an Act of a kind mentioned in paragraph (a), (b) or (c);","['0.125*""iii"" + 0.125*""paragraph"" + 0.125*""amending"" + 0.125*""b"" + 0.125*""mentioned""']"
" and includes an order or other instrument made under primary legislation (otherwise than by the [F40Welsh Ministers, the First Minister for Wales, the Counsel General to the Welsh Assembly Government,] a member of the Scottish Executive, a Northern Ireland Minister or a Northern Ireland department) to the extent to which it operates to bring one or more provisions of that legislation into force or amends any primary legislation;","['0.062*""legislation"" + 0.047*""primary"" + 0.047*""minister"" + 0.047*""northern"" + 0.047*""ireland""']"
 “the First Protocol” means the protocol to the Convention agreed at Paris on 20th March 1952;,"['0.200*""protocol"" + 0.133*""means"" + 0.133*""agreed"" + 0.133*""first"" + 0.133*""convention""']"
 F41. . .,[]
 “the Eleventh Protocol” means the protocol to the Convention (restructuring the control machinery established by the Convention) agreed at Strasbourg on 11th May 1994;,"['0.125*""protocol"" + 0.125*""convention"" + 0.083*""control"" + 0.083*""means"" + 0.083*""restructuring""']"
 [F42“the Thirteenth Protocol” means the protocol to the Convention (concerning the abolition of the death penalty in all circumstances) agreed at Vilnius on 3rd May 2002;],"['0.120*""protocol"" + 0.080*""thirteenth"" + 0.080*""means"" + 0.080*""death"" + 0.080*""penalty""']"
 “remedial order” means an order under section 10;,"['0.333*""order"" + 0.222*""means"" + 0.222*""remedial"" + 0.222*""section""']"
 “subordinate legislation” means any—,"['0.333*""legislation"" + 0.333*""subordinate"" + 0.333*""means""']"
 (ii)made under section 38(1)(a) of the Northern Ireland Constitution Act 1973 or the corresponding provision of the Northern Ireland Act 1998; or,"['0.143*""ireland"" + 0.143*""northern"" + 0.143*""act"" + 0.095*""ii"" + 0.095*""provision""']"
 (iii)amending an Act of a kind mentioned in the definition of primary legislation;,"['0.125*""primary"" + 0.125*""kind"" + 0.125*""mentioned"" + 0.125*""act"" + 0.125*""iii""']"
 (ba)[F43Measure of the National Assembly for Wales;,"['0.250*""national"" + 0.250*""ba"" + 0.250*""wales"" + 0.250*""assembly""']"
 (bb)Act of the National Assembly for Wales;],"['0.200*""act"" + 0.200*""assembly"" + 0.200*""wales"" + 0.200*""bb"" + 0.200*""national""']"
 “transferred matters” has the same meaning as in the Northern Ireland Act 1998; and,"['0.167*""act"" + 0.167*""ireland"" + 0.167*""matters"" + 0.167*""northern"" + 0.167*""meaning""']"
 “tribunal” means any tribunal in which legal proceedings may be brought.,"['0.231*""tribunal"" + 0.154*""legal"" + 0.154*""brought"" + 0.154*""means"" + 0.154*""proceedings""']"
 (2)The references in paragraphs (b) and (c) of section 2(1) to Articles are to Articles of the Convention as they had effect immediately before the coming into force of the Eleventh Protocol.,"['0.111*""articles"" + 0.074*""coming"" + 0.074*""paragraphs"" + 0.074*""references"" + 0.074*""section""']"
 (3)The reference in paragraph (d) of section 2(1) to Article 46 includes a reference to Articles 32 and 54 of the Convention as they had effect immediately before the coming into force of the Eleventh Protocol.,"['0.111*""reference"" + 0.074*""includes"" + 0.074*""effect"" + 0.074*""force"" + 0.074*""paragraph""']"
" (4)The references in section 2(1) to a report or decision of the Commission or a decision of the Committee of Ministers include references to a report or decision made as provided by paragraphs 3, 4 and 6 of Article 5 of the Eleventh Protocol (transitional provisions).","['0.111*""decision"" + 0.083*""report"" + 0.083*""references"" + 0.056*""provided"" + 0.056*""made""']"
 F45(5). . . . . . . . . . . . . . . . . . . . . . . . . . . . . . . .,[]
" Extent InformationE2For the extent of s. 21 outside the U.K. see s. 22(7)Textual AmendmentsF40Words in the definition of ""primary legislation"" in s. 21(1) substituted by Government of Wales Act 2006 (c. 32), s. 160(1), Sch. 10 para.56(2) (with Sch. 11 para. 22) the amending provision coming into force immediately after ""the 2007 election"" (held on 3.5.2007) subject to s. 161(4)(5) of the amending Act, which provides for certain provisions to come into force for specified purposes immediately after the end of ""the initial period"" (which ended with the day of the first appointment of a First Minister on 25.5.2007) - see ss. 46, 161(1)(4)(5) of the amending Act.F41S. 21(1): definition of ""the Sixth Protocol"" omitted (22.6.2004) by virtue of The Human Rights Act 1998 (Amendment) Order 2004 (S.I. 2004/1574), art. 2(2)F42S. 21(1): definition of ""the Thirteenth Protocol"" inserted (22.6.2004) by virtue of The Human Rights Act 1998 (Amendment) Order 2004 (S.I. 2004/1574), art. 2(2)F43Words in the definition of ""subordinate legislation"" in s. 21(1) substituted by Government of Wales Act 2006 (c. 32), s. 160(1), Sch. 10 para.56(3) (with Sch. 11 para. 22) the amending provision coming into force immediately after ""the 2007 election"" (held on 3.5.2007) subject to s. 161(4)(5) of the amending Act, which provides for certain provisions to come into force for specified purposes immediately after the end of ""the initial period"" (which ended with the day of the first appointment of a First Minister on 25.5.2007) - see ss. 46, 161(1)(4)(5) of the amending Act.F44Words in the definition of ""subordinate legislation"" in s. 21(1) substituted by Government of Wales Act 2006 (c. 32), s. 160(1), Sch. 10 para.56(4) (with Sch. 11 para. 22) the amending provision coming into force immediately after ""the 2007 election"" (held on 3.5.2007) subject to s. 161(4)(5) of the amending Act, which provides for certain provisions to come into force for specified purposes immediately after the end of ""the initial period"" (which ended with the day of the first appointment of a First Minister on 25.5.2007) - see ss. 46, 161(1)(4)(5) of the amending Act.F45S. 21(5) repealed (28.3.2009 for specified purposes and 31.10.2009 otherwise) by Armed Forces Act 2006 (c. 52), ss. 378, 383, Sch. 17; S.I. 2009/812, art. 3 (with transitional provisions in S.I. 2009/1059); S.I. 2009/1167, art. 4Commencement InformationI1S. 21 wholly in force at 2.10.2000; s. 21(5) in force at Royal Assent, see s. 22(2)(3); s. 21 in force so far as not already in force (2.10.2000) by S.I. 2000/1851, art. 2Marginal CitationsM131947 c. 44. M141975 c. 26. M151973 c. 36. M161973 c. 17. 22 Short title, commencement, application and extent.U.K.(1)This Act may be cited as the Human Rights Act 1998.","['0.049*""act"" + 0.045*""force"" + 0.041*""amending"" + 0.033*""sch"" + 0.029*""immediately""']"
" (2)Sections 18, 20 and 21(5) and this section come into force on the passing of this Act.","['0.167*""act"" + 0.167*""sections"" + 0.167*""force"" + 0.167*""passing"" + 0.167*""section""']"
 (3)The other provisions of this Act come into force on such day as the Secretary of State may by order appoint; and different days may be appointed for different purposes.,"['0.100*""may"" + 0.100*""different"" + 0.067*""come"" + 0.067*""force"" + 0.067*""act""']"
 (4)Paragraph (b) of subsection (1) of section 7 applies to proceedings brought by or at the instigation of a public authority whenever the act in question took place; but otherwise that subsection does not apply to an act taking place before the coming into force of that section.,"['0.068*""section"" + 0.068*""place"" + 0.068*""act"" + 0.068*""subsection"" + 0.045*""otherwise""']"
" [F46(4A)Section 7A (limitation: overseas armed forces proceedings) applies to proceedings brought under section 7(1)(a) on or after the date on which section 7A comes into force, whenever the act in question took place.]","['0.114*""section"" + 0.086*""proceedings"" + 0.057*""armed"" + 0.057*""limitation"" + 0.057*""applies""']"
 (5)This Act binds the Crown.,"['0.333*""act"" + 0.333*""binds"" + 0.333*""crown""']"
 (6)This Act extends to Northern Ireland.,"['0.250*""northern"" + 0.250*""extends"" + 0.250*""ireland"" + 0.250*""act""']"
 F47(7). . . . . . . . . . . . . . . . . . . . . . . . . . . . . . . .,[]
" Subordinate Legislation MadeP1S. 22(3) power partly exercised: 24.11.1998 appointed for specified provisions by S.I. 1998/2882, art. 2S. 22(3) power fully exercised: 2.10.2000 appointed for remaining provisions by S.I. 2000/1851, art. 2Textual AmendmentsF46S. 22(4A) inserted (30.6.2021) by Overseas Operations (Service Personnel and Veterans) Act 2021 (c. 23), ss. 11(3), 14(2); S.I. 2021/678, reg. 2F47S. 22(7) repealed (28.3.2009 for certain purposes and 31.10.2009 otherwise) by Armed Forces Act 2006 (c. 52), ss. 378, 383, Sch. 17; S.I. 2009/812, art. 3 (with transitional provisions in S.I. 2009/1059); S.I. 2009/1167, art. 4 SCHEDULESSection 1(3).SCHEDULE 1U.K. The ArticlesPART I U.K.The Convention Rights and Freedoms Article 2 U.K.Right to life1U.K.Everyone’s right to life shall be protected by law. No one shall be deprived of his life intentionally save in the execution of a sentence of a court following his conviction of a crime for which this penalty is provided by law.2U.K.Deprivation of life shall not be regarded as inflicted in contravention of this Article when it results from the use of force which is no more than absolutely necessary:(a)in defence of any person from unlawful violence;(b)in order to effect a lawful arrest or to prevent the escape of a person lawfully detained;(c)in action lawfully taken for the purpose of quelling a riot or insurrection. Article 3 U.K.Prohibition of tortureNo one shall be subjected to torture or to inhuman or degrading treatment or punishment.","['0.026*""art"" + 0.026*""shall"" + 0.021*""provisions"" + 0.021*""life"" + 0.021*""article""']"
" Article 4 U.K.Prohibition of slavery and forced labour1U.K.No one shall be held in slavery or servitude.2U.K.No one shall be required to perform forced or compulsory labour.3U.K.For the purpose of this Article the term “forced or compulsory labour” shall not include:(a)any work required to be done in the ordinary course of detention imposed according to the provisions of Article 5 of this Convention or during conditional release from such detention;(b)any service of a military character or, in case of conscientious objectors in countries where they are recognised, service exacted instead of compulsory military service;(c)any service exacted in case of an emergency or calamity threatening the life or well-being of the community;(d)any work or service which forms part of normal civic obligations. Article 5 U.K.Right to liberty and security1U.K.Everyone has the right to liberty and security of person. No one shall be deprived of his liberty save in the following cases and in accordance with a procedure prescribed by law:(a)the lawful detention of a person after conviction by a competent court;(b)the lawful arrest or detention of a person for non-compliance with the lawful order of a court or in order to secure the fulfilment of any obligation prescribed by law;(c)the lawful arrest or detention of a person effected for the purpose of bringing him before the competent legal authority on reasonable suspicion of having committed an offence or when it is reasonably considered necessary to prevent his committing an offence or fleeing after having done so;(d)the detention of a minor by lawful order for the purpose of educational supervision or his lawful detention for the purpose of bringing him before the competent legal authority;(e)the lawful detention of persons for the prevention of the spreading of infectious diseases, of persons of unsound mind, alcoholics or drug addicts or vagrants;(f)the lawful arrest or detention of a person to prevent his effecting an unauthorised entry into the country or of a person against whom action is being taken with a view to deportation or extradition.2U.K.Everyone who is arrested shall be informed promptly, in a language which he understands, of the reasons for his arrest and of any charge against him.3U.K.Everyone arrested or detained in accordance with the provisions of paragraph 1(c) of this Article shall be brought promptly before a judge or other officer authorised by law to exercise judicial power and shall be entitled to trial within a reasonable time or to release pending trial. Release may be conditioned by guarantees to appear for trial.4U.K.Everyone who is deprived of his liberty by arrest or detention shall be entitled to take proceedings by which the lawfulness of his detention shall be decided speedily by a court and his release ordered if the detention is not lawful.5U.K.Everyone who has been the victim of arrest or detention in contravention of the provisions of this Article shall have an enforceable right to compensation. Article 6 U.K.Right to a fair trial1U.K.In the determination of his civil rights and obligations or of any criminal charge against him, everyone is entitled to a fair and public hearing within a reasonable time by an independent and impartial tribunal established by law. Judgment shall be pronounced publicly but the press and public may be excluded from all or part of the trial in the interest of morals, public order or national security in a democratic society, where the interests of juveniles or the protection of the private life of the parties so require, or to the extent strictly necessary in the opinion of the court in special circumstances where publicity would prejudice the interests of justice.2U.K.Everyone charged with a criminal offence shall be presumed innocent until proved guilty according to law.3U.K.Everyone charged with a criminal offence has the following minimum rights:(a)to be informed promptly, in a language which he understands and in detail, of the nature and cause of the accusation against him;(b)to have adequate time and facilities for the preparation of his defence;(c)to defend himself in person or through legal assistance of his own choosing or, if he has not sufficient means to pay for legal assistance, to be given it free when the interests of justice so require;(d)to examine or have examined witnesses against him and to obtain the attendance and examination of witnesses on his behalf under the same conditions as witnesses against him;(e)to have the free assistance of an interpreter if he cannot understand or speak the language used in court. Article 7 U.K.No punishment without law1U.K.No one shall be held guilty of any criminal offence on account of any act or omission which did not constitute a criminal offence under national or international law at the time when it was committed. Nor shall a heavier penalty be imposed than the one that was applicable at the time the criminal offence was committed.2U.K.This Article shall not prejudice the trial and punishment of any person for any act or omission which, at the time when it was committed, was criminal according to the general principles of law recognised by civilised nations. Article 8 U.K.Right to respect for private and family life1U.K.Everyone has the right to respect for his private and family life, his home and his correspondence.2U.K.There shall be no interference by a public authority with the exercise of this right except such as is in accordance with the law and is necessary in a democratic society in the interests of national security, public safety or the economic well-being of the country, for the prevention of disorder or crime, for the protection of health or morals, or for the protection of the rights and freedoms of others. Article 9 U.K.Freedom of thought, conscience and religion1U.K.Everyone has the right to freedom of thought, conscience and religion; this right includes freedom to change his religion or belief and freedom, either alone or in community with others and in public or private, to manifest his religion or belief, in worship, teaching, practice and observance.2U.K.Freedom to manifest one’s religion or beliefs shall be subject only to such limitations as are prescribed by law and are necessary in a democratic society in the interests of public safety, for the protection of public order, health or morals, or for the protection of the rights and freedoms of others. Article 10 U.K.Freedom of expression1U.K.Everyone has the right to freedom of expression. This right shall include freedom to hold opinions and to receive and impart information and ideas without interference by public authority and regardless of frontiers. This Article shall not prevent States from requiring the licensing of broadcasting, television or cinema enterprises.2U.K.The exercise of these freedoms, since it carries with it duties and responsibilities, may be subject to such formalities, conditions, restrictions or penalties as are prescribed by law and are necessary in a democratic society, in the interests of national security, territorial integrity or public safety, for the prevention of disorder or crime, for the protection of health or morals, for the protection of the reputation or rights of others, for preventing the disclosure of information received in confidence, or for maintaining the authority and impartiality of the judiciary. Article 11 U.K.Freedom of assembly and association1U.K.Everyone has the right to freedom of peaceful assembly and to freedom of association with others, including the right to form and to join trade unions for the protection of his interests.2U.K.No restrictions shall be placed on the exercise of these rights other than such as are prescribed by law and are necessary in a democratic society in the interests of national security or public safety, for the prevention of disorder or crime, for the protection of health or morals or for the protection of the rights and freedoms of others. This Article shall not prevent the imposition of lawful restrictions on the exercise of these rights by members of the armed forces, of the police or of the administration of the State. Article 12 U.K.Right to marryMen and women of marriageable age have the right to marry and to found a family, according to the national laws governing the exercise of this right.","['0.023*""shall"" + 0.018*""article"" + 0.015*""detention"" + 0.014*""right"" + 0.013*""public""']"
" Article 14 U.K.Prohibition of discriminationThe enjoyment of the rights and freedoms set forth in this Convention shall be secured without discrimination on any ground such as sex, race, colour, language, religion, political or other opinion, national or social origin, association with a national minority, property, birth or other status.","['0.053*""national"" + 0.035*""birth"" + 0.035*""sex"" + 0.035*""social"" + 0.035*""shall""']"
" Article 16 U.K.Restrictions on political activity of aliensNothing in Articles 10, 11 and 14 shall be regarded as preventing the High Contracting Parties from imposing restrictions on the political activity of aliens.","['0.100*""activity"" + 0.100*""political"" + 0.067*""restrictions"" + 0.067*""aliens"" + 0.067*""article""']"
" Article 17 U.K.Prohibition of abuse of rightsNothing in this Convention may be interpreted as implying for any State, group or person any right to engage in any activity or perform any act aimed at the destruction of any of the rights and freedoms set forth herein or at their limitation to a greater extent than is provided for in the Convention.","['0.057*""convention"" + 0.038*""state"" + 0.038*""freedoms"" + 0.038*""destruction"" + 0.038*""set""']"
 Article 18 U.K.Limitation on use of restrictions on rightsThe restrictions permitted under this Convention to the said rights and freedoms shall not be applied for any purpose other than those for which they have been prescribed.,"['0.111*""restrictions"" + 0.074*""prescribed"" + 0.074*""rights"" + 0.074*""article"" + 0.074*""rightsthe""']"
 Part IIU.K. The First Protocol Article 1 U.K.Protection of propertyEvery natural or legal person is entitled to the peaceful enjoyment of his possessions. No one shall be deprived of his possessions except in the public interest and subject to the conditions provided for by law and by the general principles of international law.,"['0.058*""possessions"" + 0.058*""law"" + 0.038*""article"" + 0.038*""part"" + 0.038*""propertyevery""']"
" The preceding provisions shall not, however, in any way impair the right of a State to enforce such laws as it deems necessary to control the use of property in accordance with the general interest or to secure the payment of taxes or other contributions or penalties.","['0.043*""control"" + 0.043*""contributions"" + 0.043*""enforce"" + 0.043*""right"" + 0.043*""interest""']"
" Article 2 U.K.Right to educationNo person shall be denied the right to education. In the exercise of any functions which it assumes in relation to education and to teaching, the State shall respect the right of parents to ensure such education and teaching in conformity with their own religious and philosophical convictions.","['0.089*""education"" + 0.067*""shall"" + 0.067*""teaching"" + 0.067*""right"" + 0.044*""exercise""']"
" Article 3 U.K.Right to free electionsThe High Contracting Parties undertake to hold free elections at reasonable intervals by secret ballot, under conditions which will ensure the free expression of the opinion of the people in the choice of the legislature.","['0.095*""free"" + 0.048*""opinion"" + 0.048*""high"" + 0.048*""choice"" + 0.048*""people""']"
" [F48PART 3  U.K.ARTICLE 1 OF THE THIRTEENTH PROTOCOLAbolition of the death penaltyTextual AmendmentsF48Sch. 1 Pt. 3 substituted (22.6.2004) by The Human Rights Act 1998 (Amendment) Order 2004 (S.I. 2004/1574), art. 2(3)The death penalty shall be abolished. No one shall be condemned to such penalty or executed.]","['0.077*""shall"" + 0.077*""penalty"" + 0.077*""death"" + 0.051*""one"" + 0.051*""amendment""']"
" F49Part IIIU.K. The Sixth Protocol F50Article 1 U.K.Abolition of the death penalty F51Article 2 U.K.Death penalty in time of warSection 10.SCHEDULE 2U.K. Remedial Orders OrdersU.K.1(1)A remedial order may—U.K.(a)contain such incidental, supplemental, consequential or transitional provision as the person making it considers appropriate;(b)be made so as to have effect from a date earlier than that on which it is made;(c)make provision for the delegation of specific functions;(d)make different provision for different cases.(2)The power conferred by sub-paragraph (1)(a) includes—(a)power to amend primary legislation (including primary legislation other than that which contains the incompatible provision); and(b)power to amend or revoke subordinate legislation (including subordinate legislation other than that which contains the incompatible provision).(3)A remedial order may be made so as to have the same extent as the legislation which it affects.(4)No person is to be guilty of an offence solely as a result of the retrospective effect of a remedial order. ProcedureU.K.2U.K.No remedial order may be made unless—(a)a draft of the order has been approved by a resolution of each House of Parliament made after the end of the period of 60 days beginning with the day on which the draft was laid; or(b)it is declared in the order that it appears to the person making it that, because of the urgency of the matter, it is necessary to make the order without a draft being so approved. Orders laid in draftU.K.3(1)No draft may be laid under paragraph 2(a) unless—U.K.(a)the person proposing to make the order has laid before Parliament a document which contains a draft of the proposed order and the required information; and(b)the period of 60 days, beginning with the day on which the document required by this sub-paragraph was laid, has ended.(2)If representations have been made during that period, the draft laid under paragraph 2(a) must be accompanied by a statement containing—(a)a summary of the representations; and(b)if, as a result of the representations, the proposed order has been changed, details of the changes. Urgent casesU.K.4(1)If a remedial order (“the original order”) is made without being approved in draft, the person making it must lay it before Parliament, accompanied by the required information, after it is made.U.K.(2)If representations have been made during the period of 60 days beginning with the day on which the original order was made, the person making it must (after the end of that period) lay before Parliament a statement containing—(a)a summary of the representations; and(b)if, as a result of the representations, he considers it appropriate to make changes to the original order, details of the changes.(3)If sub-paragraph (2)(b) applies, the person making the statement must—(a)make a further remedial order replacing the original order; and(b)lay the replacement order before Parliament.(4)If, at the end of the period of 120 days beginning with the day on which the original order was made, a resolution has not been passed by each House approving the original or replacement order, the order ceases to have effect (but without that affecting anything previously done under either order or the power to make a fresh remedial order). DefinitionsU.K.5U.K.In this Schedule—“representations” means representations about a remedial order (or proposed remedial order) made to the person making (or proposing to make) it and includes any relevant Parliamentary report or resolution; and","['0.068*""order"" + 0.033*""made"" + 0.030*""remedial"" + 0.024*""person"" + 0.024*""representations""']"
 “required information” means—,"['0.500*""information"" + 0.500*""required""']"
" Calculating periodsU.K.6U.K.In calculating any period for the purposes of this Schedule, no account is to be taken of any time during which—(a)Parliament is dissolved or prorogued; or(b)both Houses are adjourned for more than four days.[F527(1)This paragraph applies in relation to–U.K.(a)any remedial order made, and any draft of such an order proposed to be made,–(i)by the Scottish Ministers; or(ii)within devolved competence (within the meaning of the Scotland Act 1998) by Her Majesty in Council; and(b)any document or statement to be laid in connection with such an order (or proposed order).(2)This Schedule has effect in relation to any such order (or proposed order), document or statement subject to the following modifications.(3)Any reference to Parliament, each House of Parliament or both Houses of Parliament shall be construed as a reference to the Scottish Parliament.(4)Paragraph 6 does not apply and instead, in calculating any period for the purposes of this Schedule, no account is to be taken of any time during which the Scottish Parliament is dissolved or is in recess for more than four days.]Textual AmendmentsF52Sch. 2 para. 7 inserted (27.7.2000) by S.I. 2000/2040, art. 2, Sch. Pt. I para. 21 (with art. 3)Sections 14 and 15.SCHEDULE 3U.K. Derogation and ReservationF53F53 PART IU.K. DEROGATIONTextual AmendmentsF53Sch. 3 Pt. I repealed (8.4.2005) by The Human Rights Act 1998 (Amendment) Order 2005 (S.I. 2005/1071), art. 2United Kingdom’s derogation from Article 5(1)U.K.. . . . . . . . . . . . . . . . . . . . . . . . . . . . . . . .. . . . . . . . . . . . . . . . . . . . . . . . . . . . . . . .. . . . . . . . . . . . . . . . . . . . . . . . . . . . . . . .. . . . . . . . . . . . . . . . . . . . . . . . . . . . . . . .. . . . . . . . . . . . . . . . . . . . . . . . . . . . . . . .Part IIU.K. ReservationAt the time of signing the present (First) Protocol, I declare that, in view of certain provisions of the Education Acts in the United Kingdom, the principle affirmed in the second sentence of Article 2 is accepted by the United Kingdom only so far as it is compatible with the provision of efficient instruction and training, and the avoidance of unreasonable public expenditure.","['0.035*""order"" + 0.030*""parliament"" + 0.017*""kingdom"" + 0.017*""proposed"" + 0.017*""scottish""']"
 Dated 20 March 1952,"['0.500*""march"" + 0.500*""dated""']"
 Made by the United Kingdom Permanent Representative to the Council of Europe.,"['0.143*""permanent"" + 0.143*""made"" + 0.143*""representative"" + 0.143*""council"" + 0.143*""kingdom""']"
" Section 18(6).SCHEDULE 4U.K. Judicial Pensions Duty to make orders about pensionsU.K.1(1)The appropriate Minister must by order make provision with respect to pensions payable to or in respect of any holder of a judicial office who serves as an ECHR judge.U.K.(2)A pensions order must include such provision as the Minister making it considers is necessary to secure that—(a)an ECHR judge who was, immediately before his appointment as an ECHR judge, a member of a judicial pension scheme is entitled to remain as a member of that scheme;(b)the terms on which he remains a member of the scheme are those which would have been applicable had he not been appointed as an ECHR judge; and(c)entitlement to benefits payable in accordance with the scheme continues to be determined as if, while serving as an ECHR judge, his salary was that which would (but for section 18(4)) have been payable to him in respect of his continuing service as the holder of his judicial office. ContributionsU.K.2U.K.A pensions order may, in particular, make provision—(a)for any contributions which are payable by a person who remains a member of a scheme as a result of the order, and which would otherwise be payable by deduction from his salary, to be made otherwise than by deduction from his salary as an ECHR judge; and(b)for such contributions to be collected in such manner as may be determined by the administrators of the scheme. Amendments of other enactmentsU.K.3U.K.A pensions order may amend any provision of, or made under, a pensions Act in such manner and to such extent as the Minister making the order considers necessary or expedient to ensure the proper administration of any scheme to which it relates. DefinitionsU.K.4U.K.In this Schedule—“appropriate Minister” means—","['0.040*""scheme"" + 0.035*""echr"" + 0.035*""pensions"" + 0.035*""order"" + 0.030*""judge""']"
 “ECHR judge” means the holder of a judicial office who is serving as a judge of the Court;,"['0.176*""judge"" + 0.118*""means"" + 0.118*""judicial"" + 0.118*""court"" + 0.118*""echr""']"
 “judicial pension scheme” means a scheme established by and in accordance with a pensions Act;,"['0.176*""scheme"" + 0.118*""judicial"" + 0.118*""pension"" + 0.118*""pensions"" + 0.118*""act""']"
 “pensions Act” means—,"['0.500*""pensions"" + 0.500*""act""']"
 “pensions order” means an order made under paragraph 1.,"['0.273*""order"" + 0.182*""made"" + 0.182*""means"" + 0.182*""paragraph"" + 0.182*""pensions""']"
" Textual AmendmentsF54Words in Sch. 4 para. 4 inserted (1.4.2014) by Public Service Pensions Act 2013 (c. 25), s. 41(2), Sch. 8 para. 26 (with Sch. 11 para. 8); S.I. 2014/839, art. 4(2)(k)Marginal CitationsM171959 c. 25 (N.I.). M181961 c. 42. M191981 c. 20. M201993 c. 8.","['0.154*""para"" + 0.154*""sch"" + 0.077*""public"" + 0.077*""textual"" + 0.077*""k""']"
